total_cost,estimated_rows,plan_width,has_where,has_join,has_group_by,has_order_by,has_aggregate,latency_ms
13072.56,500000,17,0,1,0,0,0,564.5891998428851
2083.0,47137,32,1,0,0,0,0,37.7269999589771
2083.0,25197,32,1,0,0,0,0,20.85279999300837
9832.22,1,14,1,1,1,0,1,64.069899963215
9833.29,1,14,1,1,1,0,1,65.09290006943047
9830.51,1,14,1,1,1,0,1,59.10419998690486
2333.04,4,14,0,0,1,0,1,14.06370010226965
2333.04,4,14,0,0,1,0,1,11.123500065878034
9830.51,1,14,1,1,1,0,1,64.00369992479682
9832.22,1,14,1,1,1,0,1,62.53460003063083
13072.56,500000,17,0,1,0,0,0,373.6835001036525
2083.0,25197,32,1,0,0,0,0,33.39380002580583
13072.56,500000,17,0,1,0,0,0,404.2066999245435
9833.29,1,14,1,1,1,0,1,63.69310012087226
2333.04,4,14,0,0,1,0,1,10.65710000693798
9832.22,1,14,1,1,1,0,1,57.13830003514886
13072.56,500000,17,0,1,0,0,0,404.4806000310928
2333.04,4,14,0,0,1,0,1,11.021400103345512
13072.56,500000,17,0,1,0,0,0,395.3393001575023
2083.0,56903,32,1,0,0,0,0,63.07030003517866
9836.65,1,14,1,1,1,0,1,66.14769995212555
9830.51,1,14,1,1,1,0,1,61.74620008096099
13072.56,500000,17,0,1,0,0,0,574.7434999793768
2083.0,80983,32,1,0,0,0,0,76.21510000899434
2333.04,4,14,0,0,1,0,1,11.716699926182628
2083.0,88920,32,1,0,0,0,0,76.3148998375982
9832.22,1,14,1,1,1,0,1,70.11540001258254
2083.0,23723,32,1,0,0,0,0,42.73960017599165
9833.29,1,14,1,1,1,0,1,83.85160006582737
2083.0,24947,32,1,0,0,0,0,34.95300002396107
2333.04,4,14,0,0,1,0,1,26.671400060877204
13072.56,500000,17,0,1,0,0,0,816.8488000519574
2083.0,25197,32,1,0,0,0,0,31.753099989145998
2083.0,25007,32,1,0,0,0,0,24.55960004590452
2333.04,4,14,0,0,1,0,1,18.93050014041364
2083.0,56903,32,1,0,0,0,0,72.07489991560578
9833.29,1,14,1,1,1,0,1,82.91979995556176
9836.65,1,14,1,1,1,0,1,90.19170003011824
9833.29,1,14,1,1,1,0,1,91.76009986549616
2333.04,4,14,0,0,1,0,1,26.84400021098554
2083.0,25197,32,1,0,0,0,0,47.50159988179803
2333.04,4,14,0,0,1,0,1,29.104200191795822
2083.0,29877,32,1,0,0,0,0,51.46009987220168
13072.56,500000,17,0,1,0,0,0,817.2226001042873
2083.0,15643,32,1,0,0,0,0,28.094999957829717
2083.0,50297,32,1,0,0,0,0,43.19499991834164
9833.29,1,14,1,1,1,0,1,74.81699995696545
2083.0,58600,32,1,0,0,0,0,70.03699988126755
2083.0,25007,32,1,0,0,0,0,31.828500097617507
13072.56,500000,17,0,1,0,0,0,669.6218999568373
2333.04,4,14,0,0,1,0,1,11.419099988415836
13072.56,500000,17,0,1,0,0,0,571.9152998644859
2333.04,4,14,0,0,1,0,1,11.328900000080466
9836.65,1,14,1,1,1,0,1,62.22359999082983
2333.04,4,14,0,0,1,0,1,19.75829992443323
9832.22,1,14,1,1,1,0,1,65.77449990436435
13072.56,500000,17,0,1,0,0,0,635.2609000168741
9832.22,1,14,1,1,1,0,1,84.30689992383122
2333.04,4,14,0,0,1,0,1,27.90149999782443
2333.04,4,14,0,0,1,0,1,27.36219996586442
13072.56,500000,17,0,1,0,0,0,664.1472999472171
9836.65,1,14,1,1,1,0,1,62.156499829143286
13072.56,500000,17,0,1,0,0,0,625.8018999360502
2083.0,15643,32,1,0,0,0,0,24.715200066566467
2333.04,4,14,0,0,1,0,1,11.211399920284748
13072.56,500000,17,0,1,0,0,0,606.1248001642525
2083.0,77783,32,1,0,0,0,0,56.760799838230014
13072.56,500000,17,0,1,0,0,0,527.8497999534011
2333.04,4,14,0,0,1,0,1,11.414800072088838
13072.56,500000,17,0,1,0,0,0,538.9831999782473
9836.65,1,14,1,1,1,0,1,61.94479996338487
2333.04,4,14,0,0,1,0,1,16.66789990849793
2083.0,24947,32,1,0,0,0,0,31.52570012025535
2083.0,85630,32,1,0,0,0,0,99.28839979693294
13072.56,500000,17,0,1,0,0,0,520.9399999585003
13072.56,500000,17,0,1,0,0,0,631.0338999610394
2083.0,24947,32,1,0,0,0,0,26.200199965387583
2083.0,25197,32,1,0,0,0,0,35.79299990087748
2083.0,74580,32,1,0,0,0,0,63.93369985744357
2333.04,4,14,0,0,1,0,1,11.324299965053797
2333.04,4,14,0,0,1,0,1,11.903899954631925
2083.0,63643,32,1,0,0,0,0,62.18559993430972
13072.56,500000,17,0,1,0,0,0,555.4091001395136
2083.0,26780,32,1,0,0,0,0,21.73479995690286
2083.0,24947,32,1,0,0,0,0,24.98469990678132
13072.56,500000,17,0,1,0,0,0,536.4898000843823
13072.56,500000,17,0,1,0,0,0,525.8762000594288
2083.0,24850,32,1,0,0,0,0,19.981199875473976
2083.0,36047,32,1,0,0,0,0,26.88880008645356
13072.56,500000,17,0,1,0,0,0,481.0032998211682
2083.0,24947,32,1,0,0,0,0,23.30169989727437
13072.56,500000,17,0,1,0,0,0,460.8617001213133
2333.04,4,14,0,0,1,0,1,11.72359986230731
2083.0,45617,32,1,0,0,0,0,30.18870018422604
9832.22,1,14,1,1,1,0,1,62.84049991518259
2083.0,60267,32,1,0,0,0,0,38.69750001467765
2083.0,58600,32,1,0,0,0,0,44.68910000286997
9832.22,1,14,1,1,1,0,1,64.13240008987486
13072.56,500000,17,0,1,0,0,0,444.354800041765
2083.0,25197,32,1,0,0,0,0,17.885599983856082
9833.29,1,14,1,1,1,0,1,62.84270016476512
9830.51,1,14,1,1,1,0,1,67.56420014426112
2083.0,25007,32,1,0,0,0,0,28.535000048577785
2333.04,4,14,0,0,1,0,1,28.088399907574058
9832.22,1,14,1,1,1,0,1,70.05639979615808
2083.0,25197,32,1,0,0,0,0,26.75299998372793
2083.0,24850,32,1,0,0,0,0,32.81709994189441
2333.04,4,14,0,0,1,0,1,25.554600171744823
2083.0,24947,32,1,0,0,0,0,22.346399957314134
13072.56,500000,17,0,1,0,0,0,436.3114000298083
2083.0,25197,32,1,0,0,0,0,20.874799927696586
2333.04,4,14,0,0,1,0,1,11.010699905455112
2083.0,24850,32,1,0,0,0,0,14.696200145408511
2083.0,24947,32,1,0,0,0,0,24.78969981893897
13072.56,500000,17,0,1,0,0,0,394.5598001591861
2333.04,4,14,0,0,1,0,1,14.642899855971336
2333.04,4,14,0,0,1,0,1,10.863499948754908
13072.56,500000,17,0,1,0,0,0,409.4585999846458
2083.0,36047,32,1,0,0,0,0,29.373399913311005
2333.04,4,14,0,0,1,0,1,11.401199968531728
13072.56,500000,17,0,1,0,0,0,391.2734999321401
2083.0,51953,32,1,0,0,0,0,30.93530004844069
13072.56,500000,17,0,1,0,0,0,392.4052999354899
2333.04,4,14,0,0,1,0,1,11.345600010827184
2083.0,25007,32,1,0,0,0,0,26.16619993932545
2333.04,4,14,0,0,1,0,1,17.915400210767984
9833.29,1,14,1,1,1,0,1,64.75460017099977
13072.56,500000,17,0,1,0,0,0,404.15699989534914
2083.0,55220,32,1,0,0,0,0,32.438499853014946
9830.51,1,14,1,1,1,0,1,62.81740008853376
2083.0,25007,32,1,0,0,0,0,26.140599977225065
2083.0,24850,32,1,0,0,0,0,21.544199902564287
9832.22,1,14,1,1,1,0,1,66.35780003853142
2333.04,4,14,0,0,1,0,1,17.696000169962645
2083.0,58600,32,1,0,0,0,0,39.85259984619916
13072.56,500000,17,0,1,0,0,0,413.1054999306798
9836.65,1,14,1,1,1,0,1,65.68860006518662
2083.0,25197,32,1,0,0,0,0,27.568399906158447
2083.0,25007,32,1,0,0,0,0,22.675800137221813
9833.29,1,14,1,1,1,0,1,70.58240007609129
13072.56,500000,17,0,1,0,0,0,416.3721001241356
2083.0,37503,32,1,0,0,0,0,25.69109993055463
2083.0,25007,32,1,0,0,0,0,14.691999880596995
13072.56,500000,17,0,1,0,0,0,446.8650000635535
9833.29,1,14,1,1,1,0,1,64.33909991756082
2083.0,47137,32,1,0,0,0,0,40.62799992971122
2083.0,25197,32,1,0,0,0,0,23.37229996919632
2333.04,4,14,0,0,1,0,1,19.063200103119016
2333.04,4,14,0,0,1,0,1,18.294299952685837
13072.56,500000,17,0,1,0,0,0,411.9281000457704
2083.0,17320,32,1,0,0,0,0,17.436600057408214
2083.0,36047,32,1,0,0,0,0,18.781099934130907
2083.0,31347,32,1,0,0,0,0,16.74510003067553
2083.0,25007,32,1,0,0,0,0,22.61069999076426
13072.56,500000,17,0,1,0,0,0,461.92959998734295
13072.56,500000,17,0,1,0,0,0,397.8377999737859
2083.0,24947,32,1,0,0,0,0,16.30779984407127
9836.65,1,14,1,1,1,0,1,62.752299942076206
2083.0,39067,32,1,0,0,0,0,35.90820007957518
2333.04,4,14,0,0,1,0,1,18.49950011819601
9830.51,1,14,1,1,1,0,1,68.79379996098578
2333.04,4,14,0,0,1,0,1,18.45539989881217
9836.65,1,14,1,1,1,0,1,68.04489996284246
13072.56,500000,17,0,1,0,0,0,412.0305001270026
2333.04,4,14,0,0,1,0,1,10.818199953064322
2083.0,82527,32,1,0,0,0,0,43.65659994073212
9836.65,1,14,1,1,1,0,1,66.13039993681014
2083.0,25007,32,1,0,0,0,0,23.288700031116605
13072.56,500000,17,0,1,0,0,0,499.9683999922127
9833.29,1,14,1,1,1,0,1,58.75710002146661
2083.0,74580,32,1,0,0,0,0,54.3681001290679
2083.0,24947,32,1,0,0,0,0,22.841700119897723
2083.0,25007,32,1,0,0,0,0,25.312300072982907
9832.22,1,14,1,1,1,0,1,68.59279982745647
2083.0,25197,32,1,0,0,0,0,27.6381999719888
2083.0,72973,32,1,0,0,0,0,50.47809984534979
2083.0,63643,32,1,0,0,0,0,45.643300050869584
2083.0,25007,32,1,0,0,0,0,30.9731001034379
9832.22,1,14,1,1,1,0,1,65.5237000901252
2083.0,24850,32,1,0,0,0,0,21.61359996534884
2083.0,88920,32,1,0,0,0,0,59.60130016319454
2083.0,25197,32,1,0,0,0,0,20.987499970942736
2083.0,79387,32,1,0,0,0,0,34.12480000406504
2083.0,26780,32,1,0,0,0,0,23.39210011996329
2083.0,24947,32,1,0,0,0,0,35.93110013753176
13072.56,500000,17,0,1,0,0,0,549.7524000238627
13072.56,500000,17,0,1,0,0,0,478.7924999836832
2083.0,25007,32,1,0,0,0,0,17.76310009881854
9832.22,1,14,1,1,1,0,1,140.43680019676685
9833.29,1,14,1,1,1,0,1,69.84640005975962
9833.29,1,14,1,1,1,0,1,75.36719995550811
13072.56,500000,17,0,1,0,0,0,454.2807000689209
2333.04,4,14,0,0,1,0,1,13.638600008562207
2083.0,25007,32,1,0,0,0,0,19.700100179761648
9830.51,1,14,1,1,1,0,1,82.55299995653331
13072.56,500000,17,0,1,0,0,0,482.5011000502855
13072.56,500000,17,0,1,0,0,0,415.8267001621425
2083.0,95297,32,1,0,0,0,0,50.13430002145469
9832.22,1,14,1,1,1,0,1,63.41599998995662
2083.0,25233,32,1,0,0,0,0,19.93179996497929
9832.22,1,14,1,1,1,0,1,72.36450002528727
2083.0,25007,32,1,0,0,0,0,24.497499922290444
2333.04,4,14,0,0,1,0,1,19.86310002394021
2083.0,24850,32,1,0,0,0,0,28.3264999743551
2083.0,22193,32,1,0,0,0,0,22.780500119552016
2083.0,25197,32,1,0,0,0,0,27.48419996351004
2333.04,4,14,0,0,1,0,1,21.330699790269136
9836.65,1,14,1,1,1,0,1,79.42610001191497
2083.0,90417,32,1,0,0,0,0,84.22129997052252
2333.04,4,14,0,0,1,0,1,18.36009998805821
2333.04,4,14,0,0,1,0,1,19.00209998711944
2333.04,4,14,0,0,1,0,1,19.19679995626211
2083.0,98410,32,1,0,0,0,0,76.19859999977052
9830.51,1,14,1,1,1,0,1,64.95560007169843
2083.0,74580,32,1,0,0,0,0,55.83159998059273
2083.0,24850,32,1,0,0,0,0,31.71690017916262
2083.0,40580,32,1,0,0,0,0,31.75690001808107
2333.04,4,14,0,0,1,0,1,21.837699925526977
2333.04,4,14,0,0,1,0,1,19.851099932566285
2083.0,25007,32,1,0,0,0,0,24.22289992682636
2083.0,63643,32,1,0,0,0,0,56.75730016082525
13072.56,500000,17,0,1,0,0,0,480.34069989807904
13072.56,500000,17,0,1,0,0,0,485.1915000472218
2083.0,20623,32,1,0,0,0,0,20.717999897897243
13072.56,500000,17,0,1,0,0,0,442.3477998934686
2083.0,25007,32,1,0,0,0,0,20.706900162622333
2083.0,72973,32,1,0,0,0,0,32.52169978804886
13072.56,500000,17,0,1,0,0,0,394.394800066948
2083.0,25007,32,1,0,0,0,0,20.562499994412065
13072.56,500000,17,0,1,0,0,0,379.0593000594527
9836.65,1,14,1,1,1,0,1,61.68660009279847
2083.0,25197,32,1,0,0,0,0,26.142300106585022
2333.04,4,14,0,0,1,0,1,19.12129996344447
2083.0,24850,32,1,0,0,0,0,21.83869993314147
2333.04,4,14,0,0,1,0,1,19.481300143525004
2333.04,4,14,0,0,1,0,1,18.96729995496571
9833.29,1,14,1,1,1,0,1,67.51450011506677
2333.04,4,14,0,0,1,0,1,19.40770004875958
2083.0,37503,32,1,0,0,0,0,33.69310009293258
2083.0,88920,32,1,0,0,0,0,64.15500002913177
9830.51,1,14,1,1,1,0,1,69.38489992171526
2083.0,24850,32,1,0,0,0,0,28.663899982348084
2083.0,25197,32,1,0,0,0,0,23.744999896734956
13072.56,500000,17,0,1,0,0,0,436.3379999995232
2083.0,24850,32,1,0,0,0,0,20.924899959936734
13072.56,500000,17,0,1,0,0,0,452.5031000375748
2083.0,23723,32,1,0,0,0,0,21.38469996862113
2083.0,90417,32,1,0,0,0,0,45.00110005028546
2083.0,25233,32,1,0,0,0,0,23.768199840560555
9836.65,1,14,1,1,1,0,1,141.75810012966394
2083.0,25197,32,1,0,0,0,0,28.76999997533858
2083.0,85630,32,1,0,0,0,0,62.89570010267198
2083.0,24947,32,1,0,0,0,0,22.783600026741624
2333.04,4,14,0,0,1,0,1,18.794399918988347
2083.0,25197,32,1,0,0,0,0,29.10279994830489
2083.0,25197,32,1,0,0,0,0,22.6245999801904
13072.56,500000,17,0,1,0,0,0,428.1029999256134
2083.0,69837,32,1,0,0,0,0,44.28779985755682
2083.0,93623,32,1,0,0,0,0,60.128499986603856
13072.56,500000,17,0,1,0,0,0,390.6596000306308
13072.56,500000,17,0,1,0,0,0,377.7578000444919
13072.56,500000,17,0,1,0,0,0,389.4460001029074
2083.0,24947,32,1,0,0,0,0,16.315000131726265
9832.22,1,14,1,1,1,0,1,70.67209994420409
13072.56,500000,17,0,1,0,0,0,409.3948001973331
13072.56,500000,17,0,1,0,0,0,406.9651998579502
2333.04,4,14,0,0,1,0,1,11.115799890831113
2333.04,4,14,0,0,1,0,1,11.085100006312132
2083.0,48740,32,1,0,0,0,0,34.90049997344613
2083.0,45617,32,1,0,0,0,0,22.118299966678023
9836.65,1,14,1,1,1,0,1,67.96059990301728
2083.0,24947,32,1,0,0,0,0,21.34420000948012
13072.56,500000,17,0,1,0,0,0,416.70030006207526
13072.56,500000,17,0,1,0,0,0,424.5949999894947
2333.04,4,14,0,0,1,0,1,11.989499907940626
13072.56,500000,17,0,1,0,0,0,406.2495999969542
13072.56,500000,17,0,1,0,0,0,377.4669000413269
2333.04,4,14,0,0,1,0,1,12.083200039342046
2333.04,4,14,0,0,1,0,1,10.97770011983812
9836.65,1,14,1,1,1,0,1,73.10970011167228
13072.56,500000,17,0,1,0,0,0,472.3720999900252
2083.0,80983,32,1,0,0,0,0,50.45690014958382
2083.0,51953,32,1,0,0,0,0,39.04940001666546
13072.56,500000,17,0,1,0,0,0,424.7755999676883
9830.51,1,14,1,1,1,0,1,58.14370000734925
2083.0,88920,32,1,0,0,0,0,63.03390022367239
13072.56,500000,17,0,1,0,0,0,427.7892999816686
9836.65,1,14,1,1,1,0,1,61.55340000987053
2333.04,4,14,0,0,1,0,1,17.86400005221367
2083.0,24850,32,1,0,0,0,0,27.748499996960163
13072.56,500000,17,0,1,0,0,0,424.2781000211835
2083.0,88920,32,1,0,0,0,0,43.63920004107058
2083.0,25197,32,1,0,0,0,0,21.143699996173385
2083.0,25197,32,1,0,0,0,0,14.868299942463636
9833.29,1,14,1,1,1,0,1,137.66949996352196
2083.0,17320,32,1,0,0,0,0,19.2605999764055
2333.04,4,14,0,0,1,0,1,22.708999924361702
13072.56,500000,17,0,1,0,0,0,475.033099995926
2083.0,82527,32,1,0,0,0,0,47.79029986821115
9836.65,1,14,1,1,1,0,1,67.05369986593723
9836.65,1,14,1,1,1,0,1,65.53740007802844
2083.0,47137,32,1,0,0,0,0,38.96630019880831
2083.0,51953,32,1,0,0,0,0,49.66480005532503
2333.04,4,14,0,0,1,0,1,10.947200004011393
2083.0,24850,32,1,0,0,0,0,15.885600121691825
2333.04,4,14,0,0,1,0,1,12.149499962106349
2333.04,4,14,0,0,1,0,1,18.522099824622277
13072.56,500000,17,0,1,0,0,0,413.45039987936616
2083.0,24947,32,1,0,0,0,0,24.46989994496107
2083.0,28253,32,1,0,0,0,0,15.759199857711792
13072.56,500000,17,0,1,0,0,0,427.4135001469404
2083.0,25007,32,1,0,0,0,0,21.80870017036796
13072.56,500000,17,0,1,0,0,0,392.9293002001941
2083.0,25197,32,1,0,0,0,0,22.140200017020103
2333.04,4,14,0,0,1,0,1,11.624400038272142
2083.0,26780,32,1,0,0,0,0,14.949599979445338
2083.0,24947,32,1,0,0,0,0,21.19089988991618
13072.56,500000,17,0,1,0,0,0,464.2306000459939
9830.51,1,14,1,1,1,0,1,62.79060011729598
2083.0,93623,32,1,0,0,0,0,68.27710010111332
2333.04,4,14,0,0,1,0,1,11.09890011139214
13072.56,500000,17,0,1,0,0,0,394.56279994919896
13072.56,500000,17,0,1,0,0,0,398.1033000163734
2083.0,25197,32,1,0,0,0,0,16.972400015220046
2083.0,25233,32,1,0,0,0,0,20.850100088864565
13072.56,500000,17,0,1,0,0,0,437.8098000306636
2083.0,53563,32,1,0,0,0,0,32.76020009070635
2083.0,24850,32,1,0,0,0,0,14.34050011448562
2083.0,25197,32,1,0,0,0,0,19.8015000205487
2333.04,4,14,0,0,1,0,1,19.800599897280332
13072.56,500000,17,0,1,0,0,0,410.56879982352257
2083.0,25197,32,1,0,0,0,0,21.512899780645967
2083.0,24947,32,1,0,0,0,0,14.316799817606809
2083.0,24947,32,1,0,0,0,0,16.569799976423383
9830.51,1,14,1,1,1,0,1,73.21579987183213
2083.0,93623,32,1,0,0,0,0,66.07639999128878
2333.04,4,14,0,0,1,0,1,20.41970007121563
2333.04,4,14,0,0,1,0,1,17.856799997389317
2083.0,43903,32,1,0,0,0,0,40.10509978979826
2333.04,4,14,0,0,1,0,1,19.871999975293875
2083.0,24850,32,1,0,0,0,0,23.23630009777844
2083.0,24947,32,1,0,0,0,0,30.21170012652874
2333.04,4,14,0,0,1,0,1,24.063700111582875
2083.0,25007,32,1,0,0,0,0,24.18720000423491
2333.04,4,14,0,0,1,0,1,19.176200032234192
2333.04,4,14,0,0,1,0,1,19.03470000252128
2083.0,25197,32,1,0,0,0,0,24.539800127968192
2083.0,80983,32,1,0,0,0,0,62.85120011307299
13072.56,500000,17,0,1,0,0,0,401.1440000031144
2083.0,25197,32,1,0,0,0,0,21.849000127986077
9833.29,1,14,1,1,1,0,1,61.000300105661154
13072.56,500000,17,0,1,0,0,0,409.5195000991225
13072.56,500000,17,0,1,0,0,0,397.0849001780152
2333.04,4,14,0,0,1,0,1,12.348799966275692
2083.0,25197,32,1,0,0,0,0,23.530400125309825
2083.0,25197,32,1,0,0,0,0,27.09290012717247
2333.04,4,14,0,0,1,0,1,19.96319997124374
2333.04,4,14,0,0,1,0,1,21.897000027820468
9833.29,1,14,1,1,1,0,1,71.25160004943609
2333.04,4,14,0,0,1,0,1,19.8488999158144
9833.29,1,14,1,1,1,0,1,66.28989987075329
2083.0,63643,32,1,0,0,0,0,43.21429994888604
2083.0,24947,32,1,0,0,0,0,24.542500032112
9833.29,1,14,1,1,1,0,1,69.52979997731745
2083.0,72973,32,1,0,0,0,0,52.909799851477146
2083.0,25197,32,1,0,0,0,0,36.07470006681979
2083.0,24947,32,1,0,0,0,0,23.492499953135848
9833.29,1,14,1,1,1,0,1,72.32940010726452
2083.0,25007,32,1,0,0,0,0,25.585400173440576
2333.04,4,14,0,0,1,0,1,22.763000102713704
13072.56,500000,17,0,1,0,0,0,520.1366001274437
9832.22,1,14,1,1,1,0,1,61.77129992283881
13072.56,500000,17,0,1,0,0,0,510.877399938181
2083.0,90417,32,1,0,0,0,0,45.97229999490082
2333.04,4,14,0,0,1,0,1,12.887299992144108
13072.56,500000,17,0,1,0,0,0,413.6737999506295
2333.04,4,14,0,0,1,0,1,13.79550015553832
9833.29,1,14,1,1,1,0,1,67.57149985060096
2083.0,25197,32,1,0,0,0,0,28.3462000079453
13072.56,500000,17,0,1,0,0,0,659.8089998587966
9830.51,1,14,1,1,1,0,1,62.88930005393922
13072.56,500000,17,0,1,0,0,0,571.8218998517841
2083.0,25007,32,1,0,0,0,0,25.867599993944168
2333.04,4,14,0,0,1,0,1,11.6542000323534
2333.04,4,14,0,0,1,0,1,12.720400001853704
9836.65,1,14,1,1,1,0,1,65.51770004443824
2083.0,25007,32,1,0,0,0,0,31.92470013163984
13072.56,500000,17,0,1,0,0,0,572.0200999639928
2083.0,25197,32,1,0,0,0,0,27.28749997913837
2083.0,24850,32,1,0,0,0,0,18.673900049179792
13072.56,500000,17,0,1,0,0,0,597.6330998819321
2333.04,4,14,0,0,1,0,1,11.299100005999207
9836.65,1,14,1,1,1,0,1,66.14509993232787
2083.0,24850,32,1,0,0,0,0,43.57960005290806
2083.0,60267,32,1,0,0,0,0,64.32470004074275
2083.0,26780,32,1,0,0,0,0,18.739999970421195
13072.56,500000,17,0,1,0,0,0,554.5086001511663
2083.0,24947,32,1,0,0,0,0,31.716799829155207
9836.65,1,14,1,1,1,0,1,79.15670005604625
13072.56,500000,17,0,1,0,0,0,750.6919000297785
2083.0,36047,32,1,0,0,0,0,34.85119994729757
2083.0,24947,32,1,0,0,0,0,19.47350008413196
9836.65,1,14,1,1,1,0,1,76.54900010675192
2083.0,24947,32,1,0,0,0,0,30.20859998650849
9830.51,1,14,1,1,1,0,1,74.2560001090169
2083.0,24850,32,1,0,0,0,0,34.349000081419945
2333.04,4,14,0,0,1,0,1,19.16030002757907
13072.56,500000,17,0,1,0,0,0,659.1037998441607
2083.0,85630,32,1,0,0,0,0,60.56699994951487
13072.56,500000,17,0,1,0,0,0,580.1921000238508
9833.29,1,14,1,1,1,0,1,72.11369997821748
9836.65,1,14,1,1,1,0,1,77.73799984715879
2083.0,93623,32,1,0,0,0,0,105.950600001961
9836.65,1,14,1,1,1,0,1,89.25479999743402
13072.56,500000,17,0,1,0,0,0,659.2733000870794
2083.0,25197,32,1,0,0,0,0,26.705099968239665
2333.04,4,14,0,0,1,0,1,11.127900099381804
2083.0,28253,32,1,0,0,0,0,21.15600020624697
13072.56,500000,17,0,1,0,0,0,609.2238000128418
2083.0,24850,32,1,0,0,0,0,28.825700050219893
2083.0,55220,32,1,0,0,0,0,35.22100020200014
2083.0,58600,32,1,0,0,0,0,62.14040005579591
13072.56,500000,17,0,1,0,0,0,571.553299902007
2333.04,4,14,0,0,1,0,1,11.915799928829074
9832.22,1,14,1,1,1,0,1,74.1745000705123
2333.04,4,14,0,0,1,0,1,22.395900217816237
13072.56,500000,17,0,1,0,0,0,585.5664999689907
2083.0,25197,32,1,0,0,0,0,27.696599951013923
2333.04,4,14,0,0,1,0,1,11.428200174123049
2083.0,24850,32,1,0,0,0,0,17.077399883419275
13072.56,500000,17,0,1,0,0,0,596.2364999577403
2083.0,28253,32,1,0,0,0,0,33.3014999050647
9836.65,1,14,1,1,1,0,1,105.31809995882212
2083.0,25197,32,1,0,0,0,0,32.583999913185835
2083.0,24947,32,1,0,0,0,0,29.886700212955475
2333.04,4,14,0,0,1,0,1,19.554700003936887
2083.0,25197,32,1,0,0,0,0,33.185699954628944
9833.29,1,14,1,1,1,0,1,66.97170017287135
2083.0,88920,32,1,0,0,0,0,92.4784999806434
9833.29,1,14,1,1,1,0,1,140.95609984360635
9830.51,1,14,1,1,1,0,1,73.53269984014332
2333.04,4,14,0,0,1,0,1,21.066399989649653
9832.22,1,14,1,1,1,0,1,70.32200018875301
2333.04,4,14,0,0,1,0,1,20.96869982779026
2083.0,25007,32,1,0,0,0,0,43.40439988300204
9830.51,1,14,1,1,1,0,1,82.52590009942651
13072.56,500000,17,0,1,0,0,0,629.6178000047803
13072.56,500000,17,0,1,0,0,0,637.8504000604153
9830.51,1,14,1,1,1,0,1,133.0824000760913
9832.22,1,14,1,1,1,0,1,81.64340001530945
13072.56,500000,17,0,1,0,0,0,617.8422002121806
2333.04,4,14,0,0,1,0,1,11.893500108271835
2083.0,84117,32,1,0,0,0,0,67.00549996457994
2083.0,24850,32,1,0,0,0,0,18.81029992364347
9832.22,1,14,1,1,1,0,1,81.32290001958609
2333.04,4,14,0,0,1,0,1,21.280499873682857
2333.04,4,14,0,0,1,0,1,18.325999844819307
13072.56,500000,17,0,1,0,0,0,638.2124000228941
2083.0,66793,32,1,0,0,0,0,62.61170003563166
9832.22,1,14,1,1,1,0,1,111.09499982558192
9832.22,1,14,1,1,1,0,1,126.74849992617963
13072.56,500000,17,0,1,0,0,0,657.1520001161844
13072.56,500000,17,0,1,0,0,0,619.0092999022454
2333.04,4,14,0,0,1,0,1,14.506399864330888
2083.0,24850,32,1,0,0,0,0,22.866599960252643
2083.0,25197,32,1,0,0,0,0,40.38399993441999
2333.04,4,14,0,0,1,0,1,17.921500140801072
2333.04,4,14,0,0,1,0,1,21.45700016990304
2333.04,4,14,0,0,1,0,1,19.6067001670599
2083.0,25007,32,1,0,0,0,0,31.857999972999096
2083.0,34510,32,1,0,0,0,0,42.21610003151
2083.0,36047,32,1,0,0,0,0,47.00280004180968
2083.0,25007,32,1,0,0,0,0,34.62040005251765
9836.65,1,14,1,1,1,0,1,80.15879988670349
2083.0,63643,32,1,0,0,0,0,73.04749987088144
2083.0,28253,32,1,0,0,0,0,21.30259992554784
2333.04,4,14,0,0,1,0,1,12.099500047042966
13072.56,500000,17,0,1,0,0,0,602.891799993813
2333.04,4,14,0,0,1,0,1,11.328699998557568
13072.56,500000,17,0,1,0,0,0,592.5644000526518
2333.04,4,14,0,0,1,0,1,11.917599942535162
9830.51,1,14,1,1,1,0,1,77.46859989129007
13072.56,500000,17,0,1,0,0,0,659.5793000888079
13072.56,500000,17,0,1,0,0,0,650.1686000265181
2083.0,24947,32,1,0,0,0,0,23.090299917384986
2083.0,24947,32,1,0,0,0,0,32.91519987396896
2333.04,4,14,0,0,1,0,1,12.234299909323454
2333.04,4,14,0,0,1,0,1,11.240399908274412
2083.0,25197,32,1,0,0,0,0,24.804200045764446
13072.56,500000,17,0,1,0,0,0,695.72259997949
2083.0,25197,32,1,0,0,0,0,32.07290009595454
13072.56,500000,17,0,1,0,0,0,633.1772999837995
2333.04,4,14,0,0,1,0,1,11.350200045853851
9832.22,1,14,1,1,1,0,1,86.28119993954897
13072.56,500000,17,0,1,0,0,0,636.6477999836206
9836.65,1,14,1,1,1,0,1,83.49359990097582
9830.51,1,14,1,1,1,0,1,92.67510008066893
13072.56,500000,17,0,1,0,0,0,630.351800005883
13072.56,500000,17,0,1,0,0,0,621.9684998504817
13072.56,500000,17,0,1,0,0,0,656.3617000356317
2333.04,4,14,0,0,1,0,1,12.278599897399545
2083.0,53563,32,1,0,0,0,0,52.85799992270768
2083.0,74580,32,1,0,0,0,0,51.22579983435571
2083.0,22193,32,1,0,0,0,0,20.50440013408661
2083.0,19053,32,1,0,0,0,0,26.19080012664199
2083.0,95297,32,1,0,0,0,0,86.79900015704334
2333.04,4,14,0,0,1,0,1,11.457599932327868
2083.0,26780,32,1,0,0,0,0,25.50090011209249
13072.56,500000,17,0,1,0,0,0,642.637100070715
2333.04,4,14,0,0,1,0,1,11.61470008082688
2333.04,4,14,0,0,1,0,1,12.082199798896909
13072.56,500000,17,0,1,0,0,0,665.7077001873404
2333.04,4,14,0,0,1,0,1,10.934500023722649
13072.56,500000,17,0,1,0,0,0,612.3682998586446
2083.0,25197,32,1,0,0,0,0,23.751999950036407
9832.22,1,14,1,1,1,0,1,71.39789988286793
9832.22,1,14,1,1,1,0,1,71.27160020172596
2083.0,92113,32,1,0,0,0,0,99.94270000606777
2083.0,25233,32,1,0,0,0,0,19.548499956727028
2083.0,25197,32,1,0,0,0,0,23.203599965199828
2333.04,4,14,0,0,1,0,1,11.69569999910891
2083.0,23723,32,1,0,0,0,0,41.38830001465976
2083.0,95297,32,1,0,0,0,0,95.75730003416538
9830.51,1,14,1,1,1,0,1,158.8401000481099
2083.0,29877,32,1,0,0,0,0,40.62450001947582
2083.0,76157,32,1,0,0,0,0,89.0506999567151
2083.0,25197,32,1,0,0,0,0,22.272299975156784
2083.0,25007,32,1,0,0,0,0,24.837200064212084
13072.56,500000,17,0,1,0,0,0,711.3969000056386
13072.56,500000,17,0,1,0,0,0,680.3014001343399
2083.0,25197,32,1,0,0,0,0,30.28629999607801
2083.0,25007,32,1,0,0,0,0,32.53310010768473
9832.22,1,14,1,1,1,0,1,84.81399994343519
9836.65,1,14,1,1,1,0,1,91.21169988065958
9832.22,1,14,1,1,1,0,1,165.81379994750023
2083.0,25007,32,1,0,0,0,0,33.74830004759133
2083.0,93623,32,1,0,0,0,0,97.97869995236395
2083.0,25197,32,1,0,0,0,0,29.489800101146106
13072.56,500000,17,0,1,0,0,0,633.1970999017358
2333.04,4,14,0,0,1,0,1,13.986800098791718
13072.56,500000,17,0,1,0,0,0,627.6901999954134
2083.0,24947,32,1,0,0,0,0,25.55710007436573
13072.56,500000,17,0,1,0,0,0,629.9137999303639
13072.56,500000,17,0,1,0,0,0,603.8947999477386
2333.04,4,14,0,0,1,0,1,15.48729999922216
2083.0,25007,32,1,0,0,0,0,28.033799957484007
13072.56,500000,17,0,1,0,0,0,617.7912000566721
2333.04,4,14,0,0,1,0,1,12.591500068083404
2333.04,4,14,0,0,1,0,1,12.418200029060245
2083.0,25197,32,1,0,0,0,0,32.437599962577224
13072.56,500000,17,0,1,0,0,0,633.4119001403451
13072.56,500000,17,0,1,0,0,0,583.6628000251949
2083.0,25007,32,1,0,0,0,0,25.323699926957488
13072.56,500000,17,0,1,0,0,0,634.0657998807728
2083.0,82527,32,1,0,0,0,0,54.91170007735491
2333.04,4,14,0,0,1,0,1,11.025700019672511
2083.0,36047,32,1,0,0,0,0,35.634899977594614
2083.0,25197,32,1,0,0,0,0,24.168599862605333
13072.56,500000,17,0,1,0,0,0,645.6125997938216
2333.04,4,14,0,0,1,0,1,20.523499930277467
9833.29,1,14,1,1,1,0,1,106.09560017473996
2333.04,4,14,0,0,1,0,1,22.742799948900934
2333.04,4,14,0,0,1,0,1,22.79590000398457
2333.04,4,14,0,0,1,0,1,20.632399944588546
9833.29,1,14,1,1,1,0,1,156.4748000819236
2333.04,4,14,0,0,1,0,1,21.35120006278157
2333.04,4,14,0,0,1,0,1,25.144899962469932
2083.0,25007,32,1,0,0,0,0,42.49410005286336
2333.04,4,14,0,0,1,0,1,22.469400195404887
2083.0,19053,32,1,0,0,0,0,23.61069992184639
2333.04,4,14,0,0,1,0,1,20.97019995562732
9832.22,1,14,1,1,1,0,1,77.27560005150735
2333.04,4,14,0,0,1,0,1,20.391899859532717
13072.56,500000,17,0,1,0,0,0,634.431199869141
2083.0,25007,32,1,0,0,0,0,29.78159999474883
2083.0,25007,32,1,0,0,0,0,19.488600082695484
2333.04,4,14,0,0,1,0,1,12.01750012114644
2333.04,4,14,0,0,1,0,1,14.461199985817077
2333.04,4,14,0,0,1,0,1,20.854299888014797
2083.0,42313,32,1,0,0,0,0,56.642299983650446
13072.56,500000,17,0,1,0,0,0,620.0317998882383
13072.56,500000,17,0,1,0,0,0,599.7061999514699
2333.04,4,14,0,0,1,0,1,11.536900186911224
9830.51,1,14,1,1,1,0,1,70.90120017528534
13072.56,500000,17,0,1,0,0,0,628.2915000338107
2083.0,87343,32,1,0,0,0,0,65.24710007943213
2083.0,25007,32,1,0,0,0,0,20.1985000167042
13072.56,500000,17,0,1,0,0,0,594.9908001348376
2333.04,4,14,0,0,1,0,1,11.670000152662396
9830.51,1,14,1,1,1,0,1,67.56959995254874
2083.0,92113,32,1,0,0,0,0,101.59400012344122
2083.0,25233,32,1,0,0,0,0,19.129399908706542
13072.56,500000,17,0,1,0,0,0,598.7432000692934
13072.56,500000,17,0,1,0,0,0,620.1337999664247
13072.56,500000,17,0,1,0,0,0,612.1648999396712
9830.51,1,14,1,1,1,0,1,65.68440003320575
13072.56,500000,17,0,1,0,0,0,651.269800029695
13072.56,500000,17,0,1,0,0,0,572.8964998852462
2083.0,23723,32,1,0,0,0,0,27.01369998976588
2083.0,24850,32,1,0,0,0,0,20.25069994851947
13072.56,500000,17,0,1,0,0,0,614.4638999830931
2083.0,79387,32,1,0,0,0,0,59.24299987964332
9830.51,1,14,1,1,1,0,1,68.99519986473024
2083.0,24947,32,1,0,0,0,0,28.58329983428121
13072.56,500000,17,0,1,0,0,0,616.7270999867469
9836.65,1,14,1,1,1,0,1,65.42639993131161
9833.29,1,14,1,1,1,0,1,151.53070003725588
2333.04,4,14,0,0,1,0,1,20.762000000104308
2083.0,24850,32,1,0,0,0,0,44.23830006271601
9833.29,1,14,1,1,1,0,1,75.84970002062619
2083.0,56903,32,1,0,0,0,0,59.6195999532938
9832.22,1,14,1,1,1,0,1,70.47469983808696
2083.0,24947,32,1,0,0,0,0,28.565300162881613
2083.0,25197,32,1,0,0,0,0,36.160700023174286
13072.56,500000,17,0,1,0,0,0,646.2003998458385
13072.56,500000,17,0,1,0,0,0,626.6949998680502
2083.0,23723,32,1,0,0,0,0,30.74930002912879
9833.29,1,14,1,1,1,0,1,63.80739994347096
2083.0,24850,32,1,0,0,0,0,32.79269998893142
13072.56,500000,17,0,1,0,0,0,632.4707998428494
9836.65,1,14,1,1,1,0,1,64.23019990324974
9830.51,1,14,1,1,1,0,1,65.34910015761852
2333.04,4,14,0,0,1,0,1,18.936300184577703
2083.0,74580,32,1,0,0,0,0,88.14990008249879
9832.22,1,14,1,1,1,0,1,72.7719001006335
9830.51,1,14,1,1,1,0,1,65.64939999952912
9832.22,1,14,1,1,1,0,1,67.11430009454489
2083.0,45617,32,1,0,0,0,0,53.02359978668392
2083.0,22193,32,1,0,0,0,0,34.258499974384904
2333.04,4,14,0,0,1,0,1,19.99860000796616
2083.0,24850,32,1,0,0,0,0,43.288799934089184
2333.04,4,14,0,0,1,0,1,18.82339990697801
2083.0,25007,32,1,0,0,0,0,37.95140003785491
9836.65,1,14,1,1,1,0,1,68.39139992371202
2083.0,24850,32,1,0,0,0,0,30.96859995275736
2333.04,4,14,0,0,1,0,1,19.54829995520413
2083.0,24947,32,1,0,0,0,0,33.26219995506108
2083.0,25197,32,1,0,0,0,0,36.47819999605417
2083.0,24850,32,1,0,0,0,0,38.18730008788407
13072.56,500000,17,0,1,0,0,0,617.8621000144631
2083.0,25007,32,1,0,0,0,0,23.518799804151055
2333.04,4,14,0,0,1,0,1,11.10300002619624
9832.22,1,14,1,1,1,0,1,149.13500007241964
13072.56,500000,17,0,1,0,0,0,650.4009999334812
2083.0,87343,32,1,0,0,0,0,56.92789983004332
13072.56,500000,17,0,1,0,0,0,618.7503999099135
9836.65,1,14,1,1,1,0,1,67.8866000380367
13072.56,500000,17,0,1,0,0,0,617.5946998409927
2333.04,4,14,0,0,1,0,1,11.904099956154823
9833.29,1,14,1,1,1,0,1,70.05360000766814
2333.04,4,14,0,0,1,0,1,18.724000081419945
2333.04,4,14,0,0,1,0,1,20.9455001167953
2333.04,4,14,0,0,1,0,1,19.53779999166727
2333.04,4,14,0,0,1,0,1,19.755200017243624
2083.0,22193,32,1,0,0,0,0,39.968099910765886
13072.56,500000,17,0,1,0,0,0,615.7925000879914
2083.0,87343,32,1,0,0,0,0,65.59400004334748
9836.65,1,14,1,1,1,0,1,65.96720009110868
13072.56,500000,17,0,1,0,0,0,632.75619992055
2083.0,42313,32,1,0,0,0,0,37.95150015503168
13072.56,500000,17,0,1,0,0,0,597.7318999357522
9832.22,1,14,1,1,1,0,1,68.14730004407465
13072.56,500000,17,0,1,0,0,0,620.8570001181215
2083.0,24947,32,1,0,0,0,0,22.91770000010729
9836.65,1,14,1,1,1,0,1,70.56590006686747
2083.0,74580,32,1,0,0,0,0,85.5870998930186
2083.0,25007,32,1,0,0,0,0,21.854300051927567
2083.0,25007,32,1,0,0,0,0,19.84709990210831
2083.0,98410,32,1,0,0,0,0,96.84309992007913
9833.29,1,14,1,1,1,0,1,66.06299988925457
2333.04,4,14,0,0,1,0,1,20.524700172245502
2083.0,25197,32,1,0,0,0,0,44.52130012214184
2083.0,24947,32,1,0,0,0,0,37.661399925127625
13072.56,500000,17,0,1,0,0,0,616.0999001003802
2333.04,4,14,0,0,1,0,1,14.058999950066209
9832.22,1,14,1,1,1,0,1,147.0540000591427
13072.56,500000,17,0,1,0,0,0,638.076099799946
2333.04,4,14,0,0,1,0,1,18.691600067541003
2083.0,85630,32,1,0,0,0,0,86.0003000125289
13072.56,500000,17,0,1,0,0,0,599.0556001197547
2083.0,24850,32,1,0,0,0,0,23.9160000346601
9830.51,1,14,1,1,1,0,1,163.17000007256866
9836.65,1,14,1,1,1,0,1,68.17230000160635
9836.65,1,14,1,1,1,0,1,68.91490006819367
2083.0,95297,32,1,0,0,0,0,102.76509984396398
2083.0,71460,32,1,0,0,0,0,49.93859981186688
2083.0,22193,32,1,0,0,0,0,27.132500195875764
2083.0,24947,32,1,0,0,0,0,18.74090009368956
2083.0,74580,32,1,0,0,0,0,66.01829989813268
9832.22,1,14,1,1,1,0,1,69.62680001743138
2083.0,25197,32,1,0,0,0,0,38.26580010354519
2083.0,24947,32,1,0,0,0,0,44.885999988764524
2083.0,79387,32,1,0,0,0,0,76.5994000248611
9830.51,1,14,1,1,1,0,1,75.7222999818623
9830.51,1,14,1,1,1,0,1,68.72459989972413
2083.0,42313,32,1,0,0,0,0,57.51800001598895
2083.0,37503,32,1,0,0,0,0,34.55600002780557
13072.56,500000,17,0,1,0,0,0,592.7029000595212
2333.04,4,14,0,0,1,0,1,10.962700005620718
2083.0,24947,32,1,0,0,0,0,30.52339982241392
13072.56,500000,17,0,1,0,0,0,610.0327000021935
2083.0,39067,32,1,0,0,0,0,38.57690002769232
9830.51,1,14,1,1,1,0,1,66.93790014833212
2083.0,24947,32,1,0,0,0,0,31.960500171408057
2333.04,4,14,0,0,1,0,1,19.0310999751091
2083.0,24947,32,1,0,0,0,0,33.89780013822019
2083.0,74580,32,1,0,0,0,0,83.56390008702874
9836.65,1,14,1,1,1,0,1,155.71700013242662
2083.0,24947,32,1,0,0,0,0,40.67210014909506
2333.04,4,14,0,0,1,0,1,21.770399995148185
9836.65,1,14,1,1,1,0,1,67.89000006392598
2333.04,4,14,0,0,1,0,1,19.07909987494349
13072.56,500000,17,0,1,0,0,0,624.0952000953257
2083.0,25197,32,1,0,0,0,0,34.203700022771955
2083.0,24850,32,1,0,0,0,0,18.24610005132854
2083.0,25197,32,1,0,0,0,0,19.236099906265736
2083.0,68290,32,1,0,0,0,0,64.11519995890558
13072.56,500000,17,0,1,0,0,0,613.9498001430184
9836.65,1,14,1,1,1,0,1,61.68869999237359
2083.0,79387,32,1,0,0,0,0,87.57079998031259
9836.65,1,14,1,1,1,0,1,61.22120004147291
9832.22,1,14,1,1,1,0,1,65.91100012883544
2083.0,24850,32,1,0,0,0,0,38.43050007708371
2083.0,74580,32,1,0,0,0,0,79.44169989787042
2333.04,4,14,0,0,1,0,1,11.613300070166588
2083.0,24947,32,1,0,0,0,0,20.20630007609725
13072.56,500000,17,0,1,0,0,0,621.3675001636147
2083.0,56903,32,1,0,0,0,0,46.44609987735748
2083.0,25197,32,1,0,0,0,0,18.740300089120865
2083.0,24947,32,1,0,0,0,0,18.582000164315104
13072.56,500000,17,0,1,0,0,0,611.5688001736999
13072.56,500000,17,0,1,0,0,0,587.7714999951422
2083.0,25007,32,1,0,0,0,0,24.0792001131922
2083.0,82527,32,1,0,0,0,0,73.02690017968416
9833.29,1,14,1,1,1,0,1,69.82390000484884
2083.0,34510,32,1,0,0,0,0,42.79430001042783
2083.0,95297,32,1,0,0,0,0,102.51690004952252
2083.0,17320,32,1,0,0,0,0,22.634900175035
2083.0,42313,32,1,0,0,0,0,32.76759991422296
9836.65,1,14,1,1,1,0,1,68.84020008146763
2083.0,25197,32,1,0,0,0,0,29.44969991222024
13072.56,500000,17,0,1,0,0,0,609.8724999465048
2083.0,25007,32,1,0,0,0,0,29.78179999627173
2333.04,4,14,0,0,1,0,1,11.845099972561002
9832.22,1,14,1,1,1,0,1,70.25850005447865
2083.0,95297,32,1,0,0,0,0,95.66999995149672
2333.04,4,14,0,0,1,0,1,12.74630008265376
2083.0,33017,32,1,0,0,0,0,28.706599958240982
2083.0,93623,32,1,0,0,0,0,101.48710012435912
13072.56,500000,17,0,1,0,0,0,590.2754999697208
2333.04,4,14,0,0,1,0,1,11.210200143978
13072.56,500000,17,0,1,0,0,0,648.550400044769
2083.0,24850,32,1,0,0,0,0,22.93380000628531
2083.0,24850,32,1,0,0,0,0,28.60819990746677
9836.65,1,14,1,1,1,0,1,78.36939999833703
2083.0,25007,32,1,0,0,0,0,33.397499937564135
9832.22,1,14,1,1,1,0,1,70.00460010021925
13072.56,500000,17,0,1,0,0,0,687.3055999167264
2333.04,4,14,0,0,1,0,1,13.5385999456048
2083.0,17320,32,1,0,0,0,0,25.32789995893836
9832.22,1,14,1,1,1,0,1,66.98399991728365
2333.04,4,14,0,0,1,0,1,20.830800058320165
2333.04,4,14,0,0,1,0,1,19.421099917963147
13072.56,500000,17,0,1,0,0,0,634.721799986437
2333.04,4,14,0,0,1,0,1,11.94869983009994
2333.04,4,14,0,0,1,0,1,10.899199871346354
2083.0,25197,32,1,0,0,0,0,33.86959992349148
2333.04,4,14,0,0,1,0,1,18.390200100839134
2083.0,24850,32,1,0,0,0,0,35.42900015600026
9830.51,1,14,1,1,1,0,1,69.12879995070398
2083.0,25197,32,1,0,0,0,0,31.65269992314279
2333.04,4,14,0,0,1,0,1,19.553099991753697
9833.29,1,14,1,1,1,0,1,72.44769996032119
2333.04,4,14,0,0,1,0,1,19.960499834269285
13072.56,500000,17,0,1,0,0,0,664.5027999766171
13072.56,500000,17,0,1,0,0,0,597.4908999633044
9832.22,1,14,1,1,1,0,1,70.27889997698367
2083.0,25197,32,1,0,0,0,0,36.82949999347329
13072.56,500000,17,0,1,0,0,0,606.0934001579881
2083.0,25007,32,1,0,0,0,0,23.775700014084578
2333.04,4,14,0,0,1,0,1,11.593000032007694
9830.51,1,14,1,1,1,0,1,67.19919992610812
9832.22,1,14,1,1,1,0,1,70.94460004009306
13072.56,500000,17,0,1,0,0,0,604.6588001772761
9832.22,1,14,1,1,1,0,1,65.61810011044145
2333.04,4,14,0,0,1,0,1,19.03120009228587
13072.56,500000,17,0,1,0,0,0,606.5960000269115
9832.22,1,14,1,1,1,0,1,66.06430001556873
9830.51,1,14,1,1,1,0,1,68.93579987809062
2083.0,24850,32,1,0,0,0,0,42.90080000646413
9830.51,1,14,1,1,1,0,1,68.00880003720522
13072.56,500000,17,0,1,0,0,0,592.9845999926329
2083.0,19053,32,1,0,0,0,0,24.32209998369217
2083.0,24850,32,1,0,0,0,0,18.131399992853403
9832.22,1,14,1,1,1,0,1,67.7205000538379
2333.04,4,14,0,0,1,0,1,19.24039982259273
2083.0,39067,32,1,0,0,0,0,48.7313000485301
13072.56,500000,17,0,1,0,0,0,604.2550001293421
2083.0,24850,32,1,0,0,0,0,28.92069984227419
2083.0,25197,32,1,0,0,0,0,19.753600005060434
13072.56,500000,17,0,1,0,0,0,602.6286999695003
13072.56,500000,17,0,1,0,0,0,577.6474999729544
13072.56,500000,17,0,1,0,0,0,570.8881001919508
9836.65,1,14,1,1,1,0,1,61.6866999771446
9832.22,1,14,1,1,1,0,1,68.36169981397688
2083.0,48740,32,1,0,0,0,0,62.682799994945526
2333.04,4,14,0,0,1,0,1,11.260699946433306
9833.29,1,14,1,1,1,0,1,67.24109989590943
9830.51,1,14,1,1,1,0,1,71.83939986862242
9836.65,1,14,1,1,1,0,1,67.51669989898801
2333.04,4,14,0,0,1,0,1,20.057399990037084
9836.65,1,14,1,1,1,0,1,68.30130005255342
2083.0,25197,32,1,0,0,0,0,33.458600053563714
2333.04,4,14,0,0,1,0,1,20.153900142759085
2083.0,53563,32,1,0,0,0,0,61.063600005581975
9830.51,1,14,1,1,1,0,1,68.72089998796582
13072.56,500000,17,0,1,0,0,0,623.8401997834444
2083.0,25007,32,1,0,0,0,0,27.97539997845888
2083.0,24850,32,1,0,0,0,0,18.699900014325976
2083.0,95297,32,1,0,0,0,0,94.62540014646947
2083.0,25007,32,1,0,0,0,0,42.84029989503324
2083.0,25007,32,1,0,0,0,0,27.745400089770555
2333.04,4,14,0,0,1,0,1,17.593699973076582
2333.04,4,14,0,0,1,0,1,23.45219999551773
2083.0,77783,32,1,0,0,0,0,74.08619998022914
9832.22,1,14,1,1,1,0,1,73.63219978287816
9830.51,1,14,1,1,1,0,1,72.23749998956919
9832.22,1,14,1,1,1,0,1,67.94139998964965
9832.22,1,14,1,1,1,0,1,63.87419998645783
13072.56,500000,17,0,1,0,0,0,598.397099878639
9830.51,1,14,1,1,1,0,1,140.40619996376336
9833.29,1,14,1,1,1,0,1,69.12139989435673
13072.56,500000,17,0,1,0,0,0,629.1012999136001
2333.04,4,14,0,0,1,0,1,11.74300001002848
9830.51,1,14,1,1,1,0,1,73.08870018459857
13072.56,500000,17,0,1,0,0,0,619.9306000489742
9836.65,1,14,1,1,1,0,1,67.36639980226755
9836.65,1,14,1,1,1,0,1,68.78430000506341
2083.0,60267,32,1,0,0,0,0,76.90059999004006
9836.65,1,14,1,1,1,0,1,64.87719994038343
9830.51,1,14,1,1,1,0,1,68.90790001489222
9836.65,1,14,1,1,1,0,1,69.03339992277324
2083.0,25007,32,1,0,0,0,0,33.18209992721677
2333.04,4,14,0,0,1,0,1,22.117399843409657
2083.0,25197,32,1,0,0,0,0,34.7229999024421
9833.29,1,14,1,1,1,0,1,73.12149996869266
13072.56,500000,17,0,1,0,0,0,640.5517000239342
2333.04,4,14,0,0,1,0,1,11.85259991325438
9833.29,1,14,1,1,1,0,1,73.71559995226562
2083.0,36047,32,1,0,0,0,0,49.99470012262464
2083.0,92113,32,1,0,0,0,0,95.58150009252132
13072.56,500000,17,0,1,0,0,0,581.4465000294149
9836.65,1,14,1,1,1,0,1,64.45639999583364
2083.0,58600,32,1,0,0,0,0,73.43450002372265
2083.0,77783,32,1,0,0,0,0,56.78740004077554
2333.04,4,14,0,0,1,0,1,12.037099804729223
9836.65,1,14,1,1,1,0,1,68.85570008307695
9836.65,1,14,1,1,1,0,1,67.70639983005822
9833.29,1,14,1,1,1,0,1,65.76450006105006
13072.56,500000,17,0,1,0,0,0,630.3737999405712
2083.0,76157,32,1,0,0,0,0,53.14420000649989
2333.04,4,14,0,0,1,0,1,12.260300107300282
9836.65,1,14,1,1,1,0,1,67.67580006271601
13072.56,500000,17,0,1,0,0,0,623.0711000971496
2333.04,4,14,0,0,1,0,1,12.170200003311038
2333.04,4,14,0,0,1,0,1,13.836000114679337
2083.0,76157,32,1,0,0,0,0,78.60100013203919
13072.56,500000,17,0,1,0,0,0,594.4374999962747
13072.56,500000,17,0,1,0,0,0,592.8055997937918
9833.29,1,14,1,1,1,0,1,63.27860010787845
2083.0,93623,32,1,0,0,0,0,93.98080012761056
13072.56,500000,17,0,1,0,0,0,605.1492001861334
9833.29,1,14,1,1,1,0,1,68.65420006215572
2083.0,25197,32,1,0,0,0,0,42.354799807071686
9836.65,1,14,1,1,1,0,1,151.08930016867816
2333.04,4,14,0,0,1,0,1,20.65890002995729
9830.51,1,14,1,1,1,0,1,67.96119990758598
13072.56,500000,17,0,1,0,0,0,642.5652999896556
9830.51,1,14,1,1,1,0,1,62.38699983805418
2083.0,48740,32,1,0,0,0,0,64.48419997468591
2083.0,25197,32,1,0,0,0,0,19.97649995610118
2333.04,4,14,0,0,1,0,1,11.51939993724227
2333.04,4,14,0,0,1,0,1,14.600700000301003
2333.04,4,14,0,0,1,0,1,18.91920017078519
2333.04,4,14,0,0,1,0,1,19.655799958854917
2333.04,4,14,0,0,1,0,1,19.18619987554848
9833.29,1,14,1,1,1,0,1,71.00540003739297
2333.04,4,14,0,0,1,0,1,18.479400081560016
9836.65,1,14,1,1,1,0,1,73.633800027892
13072.56,500000,17,0,1,0,0,0,625.0798997934908
2083.0,66793,32,1,0,0,0,0,49.809099873527884
9832.22,1,14,1,1,1,0,1,69.57980012521148
2333.04,4,14,0,0,1,0,1,19.250100012868643
2083.0,25007,32,1,0,0,0,0,36.90210008062422
2083.0,90417,32,1,0,0,0,0,95.93020007014276
9836.65,1,14,1,1,1,0,1,66.11769995652139
2083.0,24947,32,1,0,0,0,0,43.59559994190931
9830.51,1,14,1,1,1,0,1,65.1497000362724
13072.56,500000,17,0,1,0,0,0,587.0986999943852
2333.04,4,14,0,0,1,0,1,11.723000090569258
2083.0,34510,32,1,0,0,0,0,33.0717999022454
9833.29,1,14,1,1,1,0,1,73.33500008098781
13072.56,500000,17,0,1,0,0,0,613.8072998728603
9830.51,1,14,1,1,1,0,1,68.06969991885126
2083.0,20623,32,1,0,0,0,0,37.5361000187695
13072.56,500000,17,0,1,0,0,0,636.3292001187801
13072.56,500000,17,0,1,0,0,0,598.3782999683172
9836.65,1,14,1,1,1,0,1,67.80409999191761
2333.04,4,14,0,0,1,0,1,21.688600070774555
2333.04,4,14,0,0,1,0,1,20.22830001078546
2083.0,61913,32,1,0,0,0,0,71.80999987758696
13072.56,500000,17,0,1,0,0,0,590.2034000027925
2083.0,68290,32,1,0,0,0,0,46.22870008461177
13072.56,500000,17,0,1,0,0,0,616.8814999982715
13072.56,500000,17,0,1,0,0,0,599.7488000430167
2083.0,25007,32,1,0,0,0,0,28.588599991053343
2083.0,79387,32,1,0,0,0,0,51.44369998015463
13072.56,500000,17,0,1,0,0,0,607.2273999452591
2333.04,4,14,0,0,1,0,1,11.47789997048676
2083.0,25197,32,1,0,0,0,0,30.717700021341443
9836.65,1,14,1,1,1,0,1,64.98780008405447
9832.22,1,14,1,1,1,0,1,65.47939986921847
13072.56,500000,17,0,1,0,0,0,606.7894001025707
2083.0,79387,32,1,0,0,0,0,59.2851999681443
2083.0,87343,32,1,0,0,0,0,61.4811999257654
2083.0,60267,32,1,0,0,0,0,48.49670012481511
13072.56,500000,17,0,1,0,0,0,595.5647001974285
13072.56,500000,17,0,1,0,0,0,636.4726000465453
13072.56,500000,17,0,1,0,0,0,603.0062998179346
2083.0,31347,32,1,0,0,0,0,34.190500155091286
9833.29,1,14,1,1,1,0,1,85.3730000089854
2083.0,25197,32,1,0,0,0,0,35.57609999552369
2083.0,84117,32,1,0,0,0,0,96.58130002208054
2333.04,4,14,0,0,1,0,1,11.842899955809116
2333.04,4,14,0,0,1,0,1,11.18739997036755
13072.56,500000,17,0,1,0,0,0,615.6639000400901
9836.65,1,14,1,1,1,0,1,67.80870002694428
9832.22,1,14,1,1,1,0,1,71.56009995378554
13072.56,500000,17,0,1,0,0,0,593.6223000753671
2083.0,92113,32,1,0,0,0,0,66.41179998405278
2083.0,39067,32,1,0,0,0,0,36.23680002056062
9836.65,1,14,1,1,1,0,1,65.14880014583468
2333.04,4,14,0,0,1,0,1,19.582100212574005
9830.51,1,14,1,1,1,0,1,69.6229999884963
2083.0,43903,32,1,0,0,0,0,51.8505999352783
13072.56,500000,17,0,1,0,0,0,625.3857999108732
9836.65,1,14,1,1,1,0,1,63.59690008684993
2333.04,4,14,0,0,1,0,1,19.227700075134635
2083.0,24947,32,1,0,0,0,0,40.82669992931187
2083.0,25197,32,1,0,0,0,0,45.26549996808171
9830.51,1,14,1,1,1,0,1,74.50530002824962
2083.0,34510,32,1,0,0,0,0,41.279499884694815
2333.04,4,14,0,0,1,0,1,20.54399996995926
13072.56,500000,17,0,1,0,0,0,617.4518000334501
2083.0,25007,32,1,0,0,0,0,37.08070004358888
2333.04,4,14,0,0,1,0,1,10.8988001011312
13072.56,500000,17,0,1,0,0,0,584.6639999654144
13072.56,500000,17,0,1,0,0,0,579.7339999116957
9830.51,1,14,1,1,1,0,1,63.47379996441305
2333.04,4,14,0,0,1,0,1,18.90519983135164
2083.0,25007,32,1,0,0,0,0,38.5567001067102
13072.56,500000,17,0,1,0,0,0,631.0704001225531
13072.56,500000,17,0,1,0,0,0,569.8110000230372
13072.56,500000,17,0,1,0,0,0,607.4566000606865
13072.56,500000,17,0,1,0,0,0,617.0328999869525
2083.0,63643,32,1,0,0,0,0,48.83949994109571
2083.0,25007,32,1,0,0,0,0,19.1987999714911
2083.0,24850,32,1,0,0,0,0,18.75260006636381
2333.04,4,14,0,0,1,0,1,12.682299828156829
2083.0,65227,32,1,0,0,0,0,68.88879998587072
13072.56,500000,17,0,1,0,0,0,640.7667000312358
2083.0,55220,32,1,0,0,0,0,41.00860003381968
2333.04,4,14,0,0,1,0,1,12.269699946045876
9833.29,1,14,1,1,1,0,1,84.23650008626282
9836.65,1,14,1,1,1,0,1,80.83070022985339
2083.0,45617,32,1,0,0,0,0,60.573199996724725
2333.04,4,14,0,0,1,0,1,11.120199924334884
13072.56,500000,17,0,1,0,0,0,599.5235000737011
9832.22,1,14,1,1,1,0,1,78.69499991647899
13072.56,500000,17,0,1,0,0,0,644.1627999302
9833.29,1,14,1,1,1,0,1,79.65940004214644
2333.04,4,14,0,0,1,0,1,19.197599962353703
2083.0,22193,32,1,0,0,0,0,33.369600074365735
9830.51,1,14,1,1,1,0,1,76.24439988285303
13072.56,500000,17,0,1,0,0,0,653.2771000638604
9832.22,1,14,1,1,1,0,1,71.39159995131195
2083.0,45617,32,1,0,0,0,0,55.6457000784576
13072.56,500000,17,0,1,0,0,0,610.5830001179129
2083.0,93623,32,1,0,0,0,0,63.950000097975135
13072.56,500000,17,0,1,0,0,0,596.5351001359522
2083.0,56903,32,1,0,0,0,0,41.22560005635023
13072.56,500000,17,0,1,0,0,0,591.8076001107693
9833.29,1,14,1,1,1,0,1,81.37420006096363
2083.0,96910,32,1,0,0,0,0,102.22440003417432
13072.56,500000,17,0,1,0,0,0,591.3971001282334
2083.0,74580,32,1,0,0,0,0,50.67759985104203
2333.04,4,14,0,0,1,0,1,11.628299951553345
2333.04,4,14,0,0,1,0,1,12.136399978771806
2333.04,4,14,0,0,1,0,1,13.468499993905423
2083.0,24850,32,1,0,0,0,0,41.81530000641942
